year,enrolment_higher_secondary,enrolment_primary,enrolment_secondary,enrolment_upper_primary,total_boys,total_girls,total_students,yhat_lower,yhat_upper,required_classrooms,required_teachers,classroom_deficit,is_forecast
2021,27705,110762,43296,70258,132037,123051,255067,255067.0,255067.0,8502,8502,0,False
2022,28377,113322,44288,71856,135084,125881,260955,260955.0,260955.0,8698,8698,0,False
2023,28978,115930,45255,73477,138133,128704,266831,266831.0,266831.0,8894,8894,0,False
2024,29672,118489,46273,75113,141206,131621,272798,272798.0,272798.0,9093,9093,0,False
2025,30285,121184,47322,76819,144387,134557,278945,278945.0,278945.0,9298,9298,0,False
2026,29053,116089,45342,78402,138354,128927,284914,279215.0,290612.0,9497,9497,199,True
2027,29067,116146,45364,80036,138423,128989,290883,285065.0,296700.0,9696,9696,398,True
2028,29082,116204,45387,81670,138493,129052,296852,290914.0,302789.0,9895,9895,597,True
2029,29096,116261,45410,83304,138562,129114,302821,296764.0,308877.0,10094,10094,796,True
2030,29110,116318,45433,84938,138631,129177,308790,302614.0,314965.0,10293,10293,995,True
2031,29125,116376,45455,86572,138701,129240,314759,308463.0,321054.0,10492,10492,1194,True
2032,29139,116433,45478,88205,138770,129302,320728,314313.0,327142.0,10691,10691,1393,True
2033,29153,116490,45501,89839,138840,129365,326697,320163.0,333230.0,10890,10890,1592,True
2034,29168,116548,45524,91473,138909,129427,332666,326012.0,339319.0,11089,11089,1791,True
2035,29182,116605,45547,93107,138979,129490,338635,331862.0,345407.0,11288,11288,1990,True
2036,29196,116662,45569,94741,139048,129552,344604,337711.0,351496.0,11487,11487,2189,True
2037,29211,116719,45592,96374,139118,129615,350573,343561.0,357584.0,11686,11686,2388,True
